Workbook

Sheet Respostas ao formulário 1
A1: Carimbo de data/hora | B1: Nome completo: | C1: Ação 01: | D1: 20260303 | E1: 20260323 | F1: retorno | G1: Peso ação 01: | H1: Ação 02: | I1: 20260303 | J1: 20260323 | K1: retorno | L1: Peso ação 02: | M1: Ação 03: | N1: 20260303 | O1: 20260323 | P1: retorno | Q1: Peso ação 03: | R1: Ação 04: | S1: 20260303 | T1: 20260323 | U1: retorno | V1: Peso ação 04: | W1: Ação 05: | X1: 20260303 | Y1: 20260323 | Z1: retorno | AA1: Peso ação 05: | AB1: Retorno médio ponderado
A2: 46084.829 | B2: Fernanda Alves de Oliveira | C2: RECV3 | D2: =_xlfn.XLOOKUP(C2,Cotações!$A:$A,Cotações!$D:$D,,0,) -> 12.3 | E2: =_xlfn.XLOOKUP(C2,Cotações!$A:$A,Cotações!$E:$E,,0,) -> 13.08 | F2: =(E2-D2)/D2 -> 0.063414611 | G2: 30 | H2: PETR4 | I2: =_xlfn.XLOOKUP(H2,Cotações!$A:$A,Cotações!$D:$D,,0,) -> 40.950001 | J2: =_xlfn.XLOOKUP(H2,Cotações!$A:$A,Cotações!$E:$E,,0,) -> 46.029999 | K2: =(J2-I2)/I2 -> 0.12405367 | L2: 25 | M2: PRIO3 | N2: =_xlfn.XLOOKUP(M2,Cotações!$A:$A,Cotações!$D:$D,,0,) -> 55.119999 | O2: =_xlfn.XLOOKUP(M2,Cotações!$A:$A,Cotações!$E:$E,,0,) -> 65.959999 | P2: =(O2-N2)/N2 -> 0.19666184 | Q2: 15 | R2: CPLE3 | S2: =_xlfn.XLOOKUP(R2,Cotações!$A:$A,Cotações!$D:$D,,0,) -> 14.38 | T2: =_xlfn.XLOOKUP(R2,Cotações!$A:$A,Cotações!$E:$E,,0,) -> 15.36 | U2: =(T2-S2)/S2 -> 0.068150176 | V2: 20 | W2: INTB3 | X2: =_xlfn.XLOOKUP(W2,Cotações!$A:$A,Cotações!$D:$D,,0,) -> 13.23 | Y2: =_xlfn.XLOOKUP(W2,Cotações!$A:$A,Cotações!$E:$E,,0,) -> 14.72 | Z2: =(Y2-X2)/X2 -> 0.11262289 | AA2: 10 | AB2: =(F2*G2+K2*L2+P2*Q2+U2*V2+Z2*AA2)/(G2+L2+Q2+V2+AA2) -> 0.1044294
A3: 46084.931 | B3: Rodrigo Alberto Farah | C3: WEGE3 | D3: =_xlfn.XLOOKUP(C3,Cotações!$A:$A,Cotações!$D:$D,,0,) -> 47.400002 | E3: =_xlfn.XLOOKUP(C3,Cotações!$A:$A,Cotações!$E:$E,,0,) -> 47.25 | F3: =(E3-D3)/D3 -> -0.0031645891 | G3: 26.315789 | H3: PETR4 | I3: =_xlfn.XLOOKUP(H3,Cotações!$A:$A,Cotações!$D:$D,,0,) -> 40.950001 | J3: =_xlfn.XLOOKUP(H3,Cotações!$A:$A,Cotações!$E:$E,,0,) -> 46.029999 | K3: =(J3-I3)/I3 -> 0.12405367 | L3: 26.315789 | M3: LREN3 | N3: =_xlfn.XLOOKUP(M3,Cotações!$A:$A,Cotações!$D:$D,,0,) -> 14.96 | O3: =_xlfn.XLOOKUP(M3,Cotações!$A:$A,Cotações!$E:$E,,0,) -> 15.66 | P3: =(O3-N3)/N3 -> 0.046791431 | Q3: 21.052632 | R3: PRIO3 | S3: =_xlfn.XLOOKUP(R3,Cotações!$A:$A,Cotações!$D:$D,,0,) -> 55.119999 | T3: =_xlfn.XLOOKUP(R3,Cotações!$A:$A,Cotações!$E:$E,,0,) -> 65.959999 | U3: =(T3-S3)/S3 -> 0.19666184 | V3: 15.789474 | W3: CEAB3 | X3: =_xlfn.XLOOKUP(W3,Cotações!$A:$A,Cotações!$D:$D,,0,) -> 12.09 | Y3: =_xlfn.XLOOKUP(W3,Cotações!$A:$A,Cotações!$E:$E,,0,) -> 11.9 | Z3: =(Y3-X3)/X3 -> -0.015715511 | AA3: 10.526316 | AB3: =(F3*G3+K3*L3+P3*Q3+U3*V3+Z3*AA3)/(G3+L3+Q3+V3+AA3) -> 0.071061349
A4: 46084.896 | B4: Larissa Salah verplohz | C4: VALE3 | D4: =_xlfn.XLOOKUP(C4,Cotações!$A:$A,Cotações!$D:$D,,0,) -> 84.480003 | E4: =_xlfn.XLOOKUP(C4,Cotações!$A:$A,Cotações!$E:$E,,0,) -> 77.489998 | F4: =(E4-D4)/D4 -> -0.082741539 | G4: 30 | H4: PRIO3 | I4: =_xlfn.XLOOKUP(H4,Cotações!$A:$A,Cotações!$D:$D,,0,) -> 55.119999 | J4: =_xlfn.XLOOKUP(H4,Cotações!$A:$A,Cotações!$E:$E,,0,) -> 65.959999 | K4: =(J4-I4)/I4 -> 0.19666184 | L4: 25 | M4: PETR4 | N4: =_xlfn.XLOOKUP(M4,Cotações!$A:$A,Cotações!$D:$D,,0,) -> 40.950001 | O4: =_xlfn.XLOOKUP(M4,Cotações!$A:$A,Cotações!$E:$E,,0,) -> 46.029999 | P4: =(O4-N4)/N4 -> 0.12405367 | Q4: 25 | R4: WEGE3 | S4: =_xlfn.XLOOKUP(R4,Cotações!$A:$A,Cotações!$D:$D,,0,) -> 47.400002 | T4: =_xlfn.XLOOKUP(R4,Cotações!$A:$A,Cotações!$E:$E,,0,) -> 47.25 | U4: =(T4-S4)/S4 -> -0.0031645891 | V4: 10 | W4: TUPY3 | X4: =_xlfn.XLOOKUP(W4,Cotações!$A:$A,Cotações!$D:$D,,0,) -> 12.41 | Y4: =_xlfn.XLOOKUP(W4,Cotações!$A:$A,Cotações!$E:$E,,0,) -> 12.31 | Z4: =(Y4-X4)/X4 -> -0.0080579717 | AA4: 10 | AB4: =(F4*G4+K4*L4+P4*Q4+U4*V4+Z4*AA4)/(G4+L4+Q4+V4+AA4) -> 0.054234159
A5: 46084.612 | B5: Helena Pallar | C5: PRIO3 | D5: =_xlfn.XLOOKUP(C5,Cotações!$A:$A,Cotações!$D:$D,,0,) -> 55.119999 | E5: =_xlfn.XLOOKUP(C5,Cotações!$A:$A,Cotações!$E:$E,,0,) -> 65.959999 | F5: =(E5-D5)/D5 -> 0.19666184 | G5: 25 | H5: HAPV3 | I5: =_xlfn.XLOOKUP(H5,Cotações!$A:$A,Cotações!$D:$D,,0,) -> 10.01 | J5: =_xlfn.XLOOKUP(H5,Cotações!$A:$A,Cotações!$E:$E,,0,) -> 9.4399996 | K5: =(J5-I5)/I5 -> -0.05694312 | L5: 25 | M5: TUPY3 | N5: =_xlfn.XLOOKUP(M5,Cotações!$A:$A,Cotações!$D:$D,,0,) -> 12.41 | O5: =_xlfn.XLOOKUP(M5,Cotações!$A:$A,Cotações!$E:$E,,0,) -> 12.31 | P5: =(O5-N5)/N5 -> -0.0080579717 | Q5: 20 | R5: BPAC11 | S5: =_xlfn.XLOOKUP(R5,Cotações!$A:$A,Cotações!$D:$D,,0,) -> 57.509998 | T5: =_xlfn.XLOOKUP(R5,Cotações!$A:$A,Cotações!$E:$E,,0,) -> 55.23 | U5: =(T5-S5)/S5 -> -0.039645259 | V5: 20 | W5: WEGE3 | X5: =_xlfn.XLOOKUP(W5,Cotações!$A:$A,Cotações!$D:$D,,0,) -> 47.400002 | Y5: =_xlfn.XLOOKUP(W5,Cotações!$A:$A,Cotações!$E:$E,,0,) -> 47.25 | Z5: =(Y5-X5)/X5 -> -0.0031645891 | AA5: 10 | AB5: =(F5*G5+K5*L5+P5*Q5+U5*V5+Z5*AA5)/(G5+L5+Q5+V5+AA5) -> 0.025072574
A6: 46084.889 | B6: Marina Peters Ruiz | C6: WEGE3 | D6: =_xlfn.XLOOKUP(C6,Cotações!$A:$A,Cotações!$D:$D,,0,) -> 47.400002 | E6: =_xlfn.XLOOKUP(C6,Cotações!$A:$A,Cotações!$E:$E,,0,) -> 47.25 | F6: =(E6-D6)/D6 -> -0.0031645891 | G6: 20 | H6: ITUB4 | I6: =_xlfn.XLOOKUP(H6,Cotações!$A:$A,Cotações!$D:$D,,0,) -> 44.380001 | J6: =_xlfn.XLOOKUP(H6,Cotações!$A:$A,Cotações!$E:$E,,0,) -> 42.779999 | K6: =(J6-I6)/I6 -> -0.036052327 | L6: 20 | M6: PETR4 | N6: =_xlfn.XLOOKUP(M6,Cotações!$A:$A,Cotações!$D:$D,,0,) -> 40.950001 | O6: =_xlfn.XLOOKUP(M6,Cotações!$A:$A,Cotações!$E:$E,,0,) -> 46.029999 | P6: =(O6-N6)/N6 -> 0.12405367 | Q6: 20 | R6: AXIA3 | S6: =_xlfn.XLOOKUP(R6,Cotações!$A:$A,Cotações!$D:$D,,0,) -> 59.490002 | T6: =_xlfn.XLOOKUP(R6,Cotações!$A:$A,Cotações!$E:$E,,0,) -> 58.27 | U6: =(T6-S6)/S6 -> -0.020507668 | V6: 20 | W6: BBSE3 | X6: =_xlfn.XLOOKUP(W6,Cotações!$A:$A,Cotações!$D:$D,,0,) -> 34.400002 | Y6: =_xlfn.XLOOKUP(W6,Cotações!$A:$A,Cotações!$E:$E,,0,) -> 34.650002 | Z6: =(Y6-X6)/X6 -> 0.0072674415 | AA6: 20 | AB6: =(F6*G6+K6*L6+P6*Q6+U6*V6+Z6*AA6)/(G6+L6+Q6+V6+AA6) -> 0.014319306
A7: 46084.924 | B7: Josué Braga Franco | C7: ABEV3 | D7: =_xlfn.XLOOKUP(C7,Cotações!$A:$A,Cotações!$D:$D,,0,) -> 15.57 | E7: =_xlfn.XLOOKUP(C7,Cotações!$A:$A,Cotações!$E:$E,,0,) -> 14.66 | F7: =(E7-D7)/D7 -> -0.05844572 | G7: 30 | H7: BPAC11 | I7: =_xlfn.XLOOKUP(H7,Cotações!$A:$A,Cotações!$D:$D,,0,) -> 57.509998 | J7: =_xlfn.XLOOKUP(H7,Cotações!$A:$A,Cotações!$E:$E,,0,) -> 55.23 | K7: =(J7-I7)/I7 -> -0.039645259 | L7: 25 | M7: ITUB4 | N7: =_xlfn.XLOOKUP(M7,Cotações!$A:$A,Cotações!$D:$D,,0,) -> 44.380001 | O7: =_xlfn.XLOOKUP(M7,Cotações!$A:$A,Cotações!$E:$E,,0,) -> 42.779999 | P7: =(O7-N7)/N7 -> -0.036052327 | Q7: 20 | R7: PETR4 | S7: =_xlfn.XLOOKUP(R7,Cotações!$A:$A,Cotações!$D:$D,,0,) -> 40.950001 | T7: =_xlfn.XLOOKUP(R7,Cotações!$A:$A,Cotações!$E:$E,,0,) -> 46.029999 | U7: =(T7-S7)/S7 -> 0.12405367 | V7: 15 | W7: PRIO3 | X7: =_xlfn.XLOOKUP(W7,Cotações!$A:$A,Cotações!$D:$D,,0,) -> 55.119999 | Y7: =_xlfn.XLOOKUP(W7,Cotações!$A:$A,Cotações!$E:$E,,0,) -> 65.959999 | Z7: =(Y7-X7)/X7 -> 0.19666184 | AA7: 10 | AB7: =(F7*G7+K7*L7+P7*Q7+U7*V7+Z7*AA7)/(G7+L7+Q7+V7+AA7) -> 0.0036187384
A8: 46084.786 | B8: Beatriz Soares Pereira | C8: VALE3 | D8: =_xlfn.XLOOKUP(C8,Cotações!$A:$A,Cotações!$D:$D,,0,) -> 84.480003 | E8: =_xlfn.XLOOKUP(C8,Cotações!$A:$A,Cotações!$E:$E,,0,) -> 77.489998 | F8: =(E8-D8)/D8 -> -0.082741539 | G8: 30 | H8: WEGE3 | I8: =_xlfn.XLOOKUP(H8,Cotações!$A:$A,Cotações!$D:$D,,0,) -> 47.400002 | J8: =_xlfn.XLOOKUP(H8,Cotações!$A:$A,Cotações!$E:$E,,0,) -> 47.25 | K8: =(J8-I8)/I8 -> -0.0031645891 | L8: 30 | M8: PETR4 | N8: =_xlfn.XLOOKUP(M8,Cotações!$A:$A,Cotações!$D:$D,,0,) -> 40.950001 | O8: =_xlfn.XLOOKUP(M8,Cotações!$A:$A,Cotações!$E:$E,,0,) -> 46.029999 | P8: =(O8-N8)/N8 -> 0.12405367 | Q8: 25 | R8: ITUB4 | S8: =_xlfn.XLOOKUP(R8,Cotações!$A:$A,Cotações!$D:$D,,0,) -> 44.380001 | T8: =_xlfn.XLOOKUP(R8,Cotações!$A:$A,Cotações!$E:$E,,0,) -> 42.779999 | U8: =(T8-S8)/S8 -> -0.036052327 | V8: 10 | W8: TUPY3 | X8: =_xlfn.XLOOKUP(W8,Cotações!$A:$A,Cotações!$D:$D,,0,) -> 12.41 | Y8: =_xlfn.XLOOKUP(W8,Cotações!$A:$A,Cotações!$E:$E,,0,) -> 12.31 | Z8: =(Y8-X8)/X8 -> -0.0080579717 | AA8: 5 | AB8: =(F8*G8+K8*L8+P8*Q8+U8*V8+Z8*AA8)/(G8+L8+Q8+V8+AA8) -> 0.0012334487
A9: 46084.548 | B9: Ana Paula Schultze | C9: PETR4 | D9: =_xlfn.XLOOKUP(C9,Cotações!$A:$A,Cotações!$D:$D,,0,) -> 40.950001 | E9: =_xlfn.XLOOKUP(C9,Cotações!$A:$A,Cotações!$E:$E,,0,) -> 46.029999 | F9: =(E9-D9)/D9 -> 0.12405367 | G9: 35 | H9: EMBJ3 | I9: =_xlfn.XLOOKUP(H9,Cotações!$A:$A,Cotações!$D:$D,,0,) -> 91.709999 | J9: =_xlfn.XLOOKUP(H9,Cotações!$A:$A,Cotações!$E:$E,,0,) -> 77.360001 | K9: =(J9-I9)/I9 -> -0.15647147 | L9: 20 | M9: WEGE3 | N9: =_xlfn.XLOOKUP(M9,Cotações!$A:$A,Cotações!$D:$D,,0,) -> 47.400002 | O9: =_xlfn.XLOOKUP(M9,Cotações!$A:$A,Cotações!$E:$E,,0,) -> 47.25 | P9: =(O9-N9)/N9 -> -0.0031645891 | Q9: 15 | R9: ABEV3 | S9: =_xlfn.XLOOKUP(R9,Cotações!$A:$A,Cotações!$D:$D,,0,) -> 15.57 | T9: =_xlfn.XLOOKUP(R9,Cotações!$A:$A,Cotações!$E:$E,,0,) -> 14.66 | U9: =(T9-S9)/S9 -> -0.05844572 | V9: 20 | W9: BPAC11 | X9: =_xlfn.XLOOKUP(W9,Cotações!$A:$A,Cotações!$D:$D,,0,) -> 57.509998 | Y9: =_xlfn.XLOOKUP(W9,Cotações!$A:$A,Cotações!$E:$E,,0,) -> 55.23 | Z9: =(Y9-X9)/X9 -> -0.039645259 | AA9: 10 | AB9: =(F9*G9+K9*L9+P9*Q9+U9*V9+Z9*AA9)/(G9+L9+Q9+V9+AA9) -> -0.0040038669
A10: 46084.812 | B10: Vitor Otávio Francener | C10: PETR4 | D10: =_xlfn.XLOOKUP(C10,Cotações!$A:$A,Cotações!$D:$D,,0,) -> 40.950001 | E10: =_xlfn.XLOOKUP(C10,Cotações!$A:$A,Cotações!$E:$E,,0,) -> 46.029999 | F10: =(E10-D10)/D10 -> 0.12405367 | G10: 25 | H10: VALE3 | I10: =_xlfn.XLOOKUP(H10,Cotações!$A:$A,Cotações!$D:$D,,0,) -> 84.480003 | J10: =_xlfn.XLOOKUP(H10,Cotações!$A:$A,Cotações!$E:$E,,0,) -> 77.489998 | K10: =(J10-I10)/I10 -> -0.082741539 | L10: 31.25 | N10: =_xlfn.XLOOKUP(M10,Cotações!$A:$A,Cotações!$D:$D,,0,) -> 0 | O10: =_xlfn.XLOOKUP(M10,Cotações!$A:$A,Cotações!$E:$E,,0,) -> 0 | P10: 0 | R10: ITUB4 | S10: =_xlfn.XLOOKUP(R10,Cotações!$A:$A,Cotações!$D:$D,,0,) -> 44.380001 | T10: =_xlfn.XLOOKUP(R10,Cotações!$A:$A,Cotações!$E:$E,,0,) -> 42.779999 | U10: =(T10-S10)/S10 -> -0.036052327 | V10: 25 | W10: MGLU3 | X10: =_xlfn.XLOOKUP(W10,Cotações!$A:$A,Cotações!$D:$D,,0,) -> 9 | Y10: =_xlfn.XLOOKUP(W10,Cotações!$A:$A,Cotações!$E:$E,,0,) -> 8.7600002 | Z10: =(Y10-X10)/X10 -> -0.026666641 | AA10: 18.75 | AB10: =(F10*G10+K10*L10+P10*Q10+U10*V10+Z10*AA10)/(G10+L10+Q10+V10+AA10) -> -0.0088563895
A11: 46084.851 | B11: Letícia Bonatti | C11: ITSA4 | D11: =_xlfn.XLOOKUP(C11,Cotações!$A:$A,Cotações!$D:$D,,0,) -> 13.6 | E11: =_xlfn.XLOOKUP(C11,Cotações!$A:$A,Cotações!$E:$E,,0,) -> 13.57 | F11: =(E11-D11)/D11 -> -0.0022059328 | G11: 30 | H11: BBAS3 | I11: =_xlfn.XLOOKUP(H11,Cotações!$A:$A,Cotações!$D:$D,,0,) -> 25.77 | J11: =_xlfn.XLOOKUP(H11,Cotações!$A:$A,Cotações!$E:$E,,0,) -> 23.959999 | K11: =(J11-I11)/I11 -> -0.070236761 | L11: 20 | M11: TAEE11 | N11: =_xlfn.XLOOKUP(M11,Cotações!$A:$A,Cotações!$D:$D,,0,) -> 42.200001 | O11: =_xlfn.XLOOKUP(M11,Cotações!$A:$A,Cotações!$E:$E,,0,) -> 42.459999 | P11: =(O11-N11)/N11 -> 0.0061610976 | Q11: 15 | R11: EGIE3 | S11: =_xlfn.XLOOKUP(R11,Cotações!$A:$A,Cotações!$D:$D,,0,) -> 32.259998 | T11: =_xlfn.XLOOKUP(R11,Cotações!$A:$A,Cotações!$E:$E,,0,) -> 32.049999 | U11: =(T11-S11)/S11 -> -0.0065095814 | V11: 17 | W11: KLBN11 | X11: =_xlfn.XLOOKUP(W11,Cotações!$A:$A,Cotações!$D:$D,,0,) -> 19.879999 | Y11: =_xlfn.XLOOKUP(W11,Cotações!$A:$A,Cotações!$E:$E,,0,) -> 18.9 | Z11: =(Y11-X11)/X11 -> -0.049295754 | AA11: 18 | AB11: =(F11*G11+K11*L11+P11*Q11+U11*V11+Z11*AA11)/(G11+L11+Q11+V11+AA11) -> -0.023764832

Sheet Cotações
A1: Papel | C1: Ticker | D1: 46084 | E1: 46104
A2: ABEV3 | B2: ="'"&A2&".SA"&"', " -> 'ABEV3.SA', | C2: ABEV3.SA | D2: 15.57 | E2: 14.66
A3: AXIA3 | B3: ="'"&A3&".SA"&"', " -> 'AXIA3.SA', | C3: AXIA3.SA | D3: 59.490002 | E3: 58.27
A4: B3SA3 | B4: ="'"&A4&".SA"&"', " -> 'B3SA3.SA', | C4: B3SA3.SA | D4: 17.540001 | E4: 17.26
A5: BBAS3 | B5: ="'"&A5&".SA"&"', " -> 'BBAS3.SA', | C5: BBAS3.SA | D5: 25.77 | E5: 23.959999
A6: BBSE3 | B6: ="'"&A6&".SA"&"', " -> 'BBSE3.SA', | C6: BBSE3.SA | D6: 34.400002 | E6: 34.650002
A7: BPAC11 | B7: ="'"&A7&".SA"&"', " -> 'BPAC11.SA', | C7: BPAC11.SA | D7: 57.509998 | E7: 55.23
A8: CEAB3 | B8: ="'"&A8&".SA"&"', " -> 'CEAB3.SA', | C8: CEAB3.SA | D8: 12.09 | E8: 11.9
A9: CPLE3 | B9: ="'"&A9&".SA"&"', " -> 'CPLE3.SA', | C9: CPLE3.SA | D9: 14.38 | E9: 15.36
A10: EGIE3 | B10: ="'"&A10&".SA"&"', " -> 'EGIE3.SA', | C10: EGIE3.SA | D10: 32.259998 | E10: 32.049999
A11: EMBJ3 | B11: ="'"&A11&".SA"&"', " -> 'EMBJ3.SA', | C11: EMBJ3.SA | D11: 91.709999 | E11: 77.360001
A12: GGBR4 | B12: ="'"&A12&".SA"&"', " -> 'GGBR4.SA', | C12: GGBR4.SA | D12: 19.75 | E12: 18
A13: HAPV3 | B13: ="'"&A13&".SA"&"', " -> 'HAPV3.SA', | C13: HAPV3.SA | D13: 10.01 | E13: 9.4399996
... A19: MGLU3 | B19: ="'"&A19&".SA"&"', " -> 'MGLU3.SA', | C19: MGLU3.SA | D19: 9 | E19: 8.7600002
A20: NTCO3 | B20: ="'"&A20&".SA"&"', " -> 'NTCO3.SA', | C20: NTCO3.SA | D20: NaN | E20: NaN
A21: PETR3 | B21: ="'"&A21&".SA"&"', " -> 'PETR3.SA', | C21: PETR3.SA | D21: 44.380001 | E21: 50.68
A22: PETR4 | B22: ="'"&A22&".SA"&"', " -> 'PETR4.SA', | C22: PETR4.SA | D22: 40.950001 | E22: 46.029999
A23: PRIO3 | B23: ="'"&A23&".SA"&"', " -> 'PRIO3.SA', | C23: PRIO3.SA | D23: 55.119999 | E23: 65.959999
A24: RECV3 | B24: ="'"&A24&".SA"&"', " -> 'RECV3.SA', | C24: RECV3.SA | D24: 12.3 | E24: 13.08
A25: RENT3 | B25: ="'"&A25&".SA"&"', " -> 'RENT3.SA', | C25: RENT3.SA | D25: 48.900002 | E25: 47.040001
A26: TAEE11 | B26: ="'"&A26&".SA"&"', " -> 'TAEE11.SA', | C26: TAEE11.SA | D26: 42.200001 | E26: 42.459999
A27: TUPY3 | B27: ="'"&A27&".SA"&"', " -> 'TUPY3.SA', | C27: TUPY3.SA | D27: 12.41 | E27: 12.31
A28: VALE3 | B28: ="'"&A28&".SA"&"', " -> 'VALE3.SA', | C28: VALE3.SA | D28: 84.480003 | E28: 77.489998
A29: WEGE3 | B29: ="'"&A29&".SA"&"', " -> 'WEGE3.SA', | C29: WEGE3.SA | D29: 47.400002 | E29: 47.25
C33: =_xlfn.CONCAT(B4:B31) -> 'B3SA3.SA', 'BBAS3.SA', 'BBSE3.SA', 'BPAC11.SA', 'CEAB3.SA', 'CPLE3.SA', 'EGIE3.SA', 'EMBJ3.SA', 'GGBR4.SA', 'HAPV3.SA', 'INTB3.SA', 'ITSA4.SA', 'ITUB4.SA', 'KLBN11.SA', 'LREN3.SA', 'MGLU3.SA', 'NTCO3.SA', 'PETR3.SA', 'PETR4.SA', 'PRIO3.SA', 'RECV3.SA', 'RENT3.SA', 'TAEE11.SA', 'TUPY3.SA', 'VALE3.SA', 'WEGE3.SA',
C34: PETR4.SA', 'PRIO3.SA', 'VALE3.SA', 'RECV3.SA', 'ITSA4.SA', 'WEGE3.SA', 'ABEV3.SA', 'EMBJ3.SA', 'HAPV3.SA', 'BBAS3.SA', 'ITUB4.SA', 'BPAC11.SA', 'TUPY3.SA', 'TAEE11.SA', 'LREN3.SA', 'PETR3.SA', 'RENT3.SA', 'CPLE3.SA', 'EGIE3.SA', 'AXIA3.SA', 'B3SA3.SA', 'NTCO3.SA', 'MGLU3.SA', 'INTB3.SA', 'KLBN11.SA', 'BBSE3.SA', 'CEAB3.SA', 'GGBR4.SA',
